1594256da16433eae7fa6bcefba5d8e8f15ad7e0,DELETE,regular-file,src/ray_lib_ppo/models/best_model/algorithm_state.pkl,23088,
59c687c2225ff3dce578899f92f47682484ce0c9,DELETE,regular-file,src/ray_lib_ppo/models/best_model/class_and_ctor_args.pkl,19443,
e425bebed10e547776925ec1f7a8a79679bd6013,DELETE,regular-file,src/ray_lib_ppo/models/best_model/env_runner/class_and_ctor_args.pkl,20470,
3c4e03baa0163982df72cdbdd407eb0c5c92d73b,DELETE,regular-file,src/ray_lib_ppo/models/best_model/env_runner/env_to_module_connector/AddObservationsFromEpisodesToBatch/class_and_ctor_args.pkl,236,
33f89724a1a0b09d1155e2058c823864f8ef840c,DELETE,regular-file,src/ray_lib_ppo/models/best_model/env_runner/env_to_module_connector/AddObservationsFromEpisodesToBatch/state.pkl,5,
67b924da0dbb370e2abdb59b0cb714078d5897c1,DELETE,regular-file,src/ray_lib_ppo/models/best_model/env_runner/env_to_module_connector/AddStatesFromEpisodesToBatch/class_and_ctor_args.pkl,224,
33f89724a1a0b09d1155e2058c823864f8ef840c,DELETE,regular-file,src/ray_lib_ppo/models/best_model/env_runner/env_to_module_connector/AddStatesFromEpisodesToBatch/state.pkl,5,
1bda33490597ec4363ded2f230b2aa6af81d8f2c,DELETE,regular-file,src/ray_lib_ppo/models/best_model/env_runner/env_to_module_connector/AddTimeDimToBatchAndZeroPad/class_and_ctor_args.pkl,224,
33f89724a1a0b09d1155e2058c823864f8ef840c,DELETE,regular-file,src/ray_lib_ppo/models/best_model/env_runner/env_to_module_connector/AddTimeDimToBatchAndZeroPad/state.pkl,5,
4386d32a73f03d1c6a8953d6d4eaacaac35087b9,DELETE,regular-file,src/ray_lib_ppo/models/best_model/env_runner/env_to_module_connector/AgentToModuleMapping/class_and_ctor_args.pkl,990,
33f89724a1a0b09d1155e2058c823864f8ef840c,DELETE,regular-file,src/ray_lib_ppo/models/best_model/env_runner/env_to_module_connector/AgentToModuleMapping/state.pkl,5,
6b762d2c7f14c14a4bb2f49fecce7d498a5286ab,DELETE,regular-file,src/ray_lib_ppo/models/best_model/env_runner/env_to_module_connector/BatchIndividualItems/class_and_ctor_args.pkl,196,
33f89724a1a0b09d1155e2058c823864f8ef840c,DELETE,regular-file,src/ray_lib_ppo/models/best_model/env_runner/env_to_module_connector/BatchIndividualItems/state.pkl,5,
8447fc61bec3a62065676c7ffce591e5755d2f67,DELETE,regular-file,src/ray_lib_ppo/models/best_model/env_runner/env_to_module_connector/NumpyToTensor/class_and_ctor_args.pkl,244,
33f89724a1a0b09d1155e2058c823864f8ef840c,DELETE,regular-file,src/ray_lib_ppo/models/best_model/env_runner/env_to_module_connector/NumpyToTensor/state.pkl,5,
9cc2bd203d1b5a3872ec618b56ee375b45c70787,DELETE,regular-file,src/ray_lib_ppo/models/best_model/env_runner/env_to_module_connector/class_and_ctor_args.pkl,3159,
33f89724a1a0b09d1155e2058c823864f8ef840c,DELETE,regular-file,src/ray_lib_ppo/models/best_model/env_runner/env_to_module_connector/state.pkl,5,
5a80db4f65a8d5a01d8324038f805c0cec9200ce,DELETE,regular-file,src/ray_lib_ppo/models/best_model/env_runner/module_to_env_connector/GetActions/class_and_ctor_args.pkl,167,
33f89724a1a0b09d1155e2058c823864f8ef840c,DELETE,regular-file,src/ray_lib_ppo/models/best_model/env_runner/module_to_env_connector/GetActions/state.pkl,5,
b68d39dedcf259e07ab8c3e6a57ff449a21bbacc,DELETE,regular-file,src/ray_lib_ppo/models/best_model/env_runner/module_to_env_connector/ListifyDataForVectorEnv/class_and_ctor_args.pkl,196,
33f89724a1a0b09d1155e2058c823864f8ef840c,DELETE,regular-file,src/ray_lib_ppo/models/best_model/env_runner/module_to_env_connector/ListifyDataForVectorEnv/state.pkl,5,
b6a27f8c84c741878fedf2d0e1c847252441b75b,DELETE,regular-file,src/ray_lib_ppo/models/best_model/env_runner/module_to_env_connector/ModuleToAgentUnmapping/class_and_ctor_args.pkl,186,
33f89724a1a0b09d1155e2058c823864f8ef840c,DELETE,regular-file,src/ray_lib_ppo/models/best_model/env_runner/module_to_env_connector/ModuleToAgentUnmapping/state.pkl,5,
232cf0d0d89a3aeb77a310c2475ef8e87b806e2d,DELETE,regular-file,src/ray_lib_ppo/models/best_model/env_runner/module_to_env_connector/NormalizeAndClipActions/class_and_ctor_args.pkl,232,
33f89724a1a0b09d1155e2058c823864f8ef840c,DELETE,regular-file,src/ray_lib_ppo/models/best_model/env_runner/module_to_env_connector/NormalizeAndClipActions/state.pkl,5,
c1bbfadaf83e1246ba46765d293a942481a6df05,DELETE,regular-file,src/ray_lib_ppo/models/best_model/env_runner/module_to_env_connector/RemoveSingleTsTimeRankFromBatch/class_and_ctor_args.pkl,214,
33f89724a1a0b09d1155e2058c823864f8ef840c,DELETE,regular-file,src/ray_lib_ppo/models/best_model/env_runner/module_to_env_connector/RemoveSingleTsTimeRankFromBatch/state.pkl,5,
c8faa7ca7df779a0e1eec5b6c2ccade409510d4c,DELETE,regular-file,src/ray_lib_ppo/models/best_model/env_runner/module_to_env_connector/TensorToNumpy/class_and_ctor_args.pkl,167,
33f89724a1a0b09d1155e2058c823864f8ef840c,DELETE,regular-file,src/ray_lib_ppo/models/best_model/env_runner/module_to_env_connector/TensorToNumpy/state.pkl,5,
ac72b099416be79672d7772efb9b8dbbe48d893f,DELETE,regular-file,src/ray_lib_ppo/models/best_model/env_runner/module_to_env_connector/UnBatchToIndividualItems/class_and_ctor_args.pkl,197,
33f89724a1a0b09d1155e2058c823864f8ef840c,DELETE,regular-file,src/ray_lib_ppo/models/best_model/env_runner/module_to_env_connector/UnBatchToIndividualItems/state.pkl,5,
75d9d77660ea59e634b935e79e2ae68b259fa3cf,DELETE,regular-file,src/ray_lib_ppo/models/best_model/env_runner/module_to_env_connector/class_and_ctor_args.pkl,2377,
33f89724a1a0b09d1155e2058c823864f8ef840c,DELETE,regular-file,src/ray_lib_ppo/models/best_model/env_runner/module_to_env_connector/state.pkl,5,
23ad76f593193eaccf13d6ff1f41f94d0c1fffb9,DELETE,regular-file,src/ray_lib_ppo/models/best_model/env_runner/state.pkl,50,
63211eae21a9aedb83ff4a7d53f1833e9e4b46bd,DELETE,regular-file,src/ray_lib_ppo/models/best_model/learner_group/class_and_ctor_args.pkl,22349,
6959c5ad65e3a874576ce56079bc91422510094d,DELETE,regular-file,src/ray_lib_ppo/models/best_model/learner_group/learner/class_and_ctor_args.pkl,22374,
0f0905d8f913175276f0553db859884714f0e8ec,DELETE,regular-file,src/ray_lib_ppo/models/best_model/learner_group/learner/rl_module/aggressive_policy/class_and_ctor_args.pkl,1491,
34dc6e5b6c7d6a79892d8c1125d4794a5de3d1dc,DELETE,regular-file,src/ray_lib_ppo/models/best_model/learner_group/learner/rl_module/aggressive_policy/module_state.pkl,655352,
7a97ac95523eef50811952a5587b3a33f7a42101,DELETE,regular-file,src/ray_lib_ppo/models/best_model/learner_group/learner/rl_module/class_and_ctor_args.pkl,1923,
0f0905d8f913175276f0553db859884714f0e8ec,DELETE,regular-file,src/ray_lib_ppo/models/best_model/learner_group/learner/rl_module/conservative_policy/class_and_ctor_args.pkl,1491,
4ba9da1453c6983fa32b61a216db8928b08a2724,DELETE,regular-file,src/ray_lib_ppo/models/best_model/learner_group/learner/rl_module/conservative_policy/module_state.pkl,655352,
0f0905d8f913175276f0553db859884714f0e8ec,DELETE,regular-file,src/ray_lib_ppo/models/best_model/learner_group/learner/rl_module/current_policy/class_and_ctor_args.pkl,1491,
5649879e9ecf405136f85752284ee4e8e4a1b7a7,DELETE,regular-file,src/ray_lib_ppo/models/best_model/learner_group/learner/rl_module/current_policy/module_state.pkl,655352,
33f89724a1a0b09d1155e2058c823864f8ef840c,DELETE,regular-file,src/ray_lib_ppo/models/best_model/learner_group/learner/rl_module/module_state.pkl,5,
0f0905d8f913175276f0553db859884714f0e8ec,DELETE,regular-file,src/ray_lib_ppo/models/best_model/learner_group/learner/rl_module/proportional/class_and_ctor_args.pkl,1491,
8fb9a7687bbedf72ccdca44dac48974e6a4b0cdd,DELETE,regular-file,src/ray_lib_ppo/models/best_model/learner_group/learner/rl_module/proportional/module_state.pkl,655352,
0f0905d8f913175276f0553db859884714f0e8ec,DELETE,regular-file,src/ray_lib_ppo/models/best_model/learner_group/learner/rl_module/random_policy/class_and_ctor_args.pkl,1491,
9e4f6640ba5f26c026b1542add4aa4d0e8eff797,DELETE,regular-file,src/ray_lib_ppo/models/best_model/learner_group/learner/rl_module/random_policy/module_state.pkl,655352,
44b358c8ce24b6a4bc04df938c78cda2762e59ad,DELETE,regular-file,src/ray_lib_ppo/models/best_model/learner_group/learner/state.pkl,1316940,
33f89724a1a0b09d1155e2058c823864f8ef840c,DELETE,regular-file,src/ray_lib_ppo/models/best_model/learner_group/state.pkl,5,
